"","Publico.Alvo","Tipo.de.FII","Administrador","ultimo_rendimento_reais","ultimo_rendimento_perc","Data.Pagamento","Data.Base","rend_medio_12m_reais","rend_medio_12m_perc","patrimonio_por_cota","cotacao_por_vp","nro_negocios_por_mes","participacao_IFIX","Numero.Cotistas","Patrimonio","Cota.base","fiis_clust","fiis.k6.cluster"
"ABCP11","Geral","Tijolo: Shoppings","Rio Bravo Investimentos",0.39,0.54,"09/06/2021","31/05/2021",0.27,0.37,88.29,0.82,5093,0.89,19203,1077525130.29,72.8,1,2
"AFCR11","Geral","Papel: CRIs","CM Capital Markets",1.08,0.96,"09/06/2021","31/05/2021",0.82,0.73,104.61,1.07,4089,0,1665,124200760.61,112,1,2
"AFHI11","Geral","Papel: CRIs","BTG Pactual",0.6,0.63,"22/06/2021","15/06/2021",0,0,96.63,0.99,9103,0,3311,172745111.59,95.8,2,2
"AFOF11","Investidor Qualificado","Papel: Fundo de Fundos","BRL Trust DTVM",8.76,0,"03/02/2021","27/01/2021",0,0,107.06,0,501,0,92,39305966.92,0,2,2
"AIEC11","Geral","Tijolo: Escritórios","Modal DTVM",0.57,0.65,"09/06/2021","31/05/2021",0.38,0.43,100.16,0.88,4919,0,3033,483257233.98,88,1,2
"ALMI11","Geral","Tijolo: Escritórios","BTG Pactual",0.37,0,"13/04/2017","31/03/2017",0,0,2061.01,0,601,0,3417,229137188.63,0,2,2
"ALZR11","Geral","Tijolo: Híbrido","BTG Pactual",0.67,0.56,"25/06/2021","18/06/2021",0,0,102.5,1.17,35757,0.8,89125,459134472.74,119.72,1,2
"ANCR11B","Geral","Tijolo: Shoppings","Genial Investimentos Corretora de Valores",37.53,1.21,"25/02/2021","29/01/2021",38.89,1.26,3323.42,0.93,1,0,55,1499236897.56,3090,1,5
"AQLL11","Investidor Qualificado","Papel: Fundo de Fundos","Índigo Investimentos DTVM",0,0,"00/00/0000","00/00/0000",0,0,1481.39,0,10,0,37,145505513.48,0,2,2
"ARCT11","Geral","Tijolo: Galpões","BTG Pactual",0.5,0.46,"22/06/2021","15/06/2021",1.86,1.71,101.55,1.07,17873,0,5804,162232760.08,108.85,1,2
"ARFI11B","Investidor Qualificado","Tijolo: Galpões","Índigo Investimentos DTVM",0,0,"00/00/0000","00/00/0000",0,0,1179.65,0,1,0,28,134544244.43,0,2,2
"ARRI11","Geral","Papel: CRIs","Oliveira Trust",1.12,1.11,"08/06/2021","31/05/2021",0.86,0.85,96.28,1.05,2133,0,3318,37779634.16,100.66,1,2
"ATCR11","Investidor Qualificado","Tijolo: Escritórios","RJI CTVM LTDA",0.28,0,"09/04/2021","31/03/2021",0.14,0,77.35,0,0,0,33,71852847.88,0,2,2
"ATSA11","Geral","Tijolo: Shoppings","Hedge Investments DTVM LTDA",0.25,0.18,"13/03/2020","28/02/2020",0.3,0.22,98.49,1.39,120,0,255,172476158.75,137,2,2
"BARI11","Geral","Papel: CRIs","Oliveira Trust",1.07,1,"22/06/2021","31/05/2021",1.24,1.15,101.79,1.05,37363,0.5,26905,471703935.45,107.07,1,5
"BBFI11B","Geral","Tijolo: Escritórios","BTG Pactual",28.5,1.1,"15/06/2021","31/05/2021",27.83,1.07,101.79,1.03,1647,0.34,7816,327816882.02,2600,1,2
"BBFO11","Geral","Papel: Fundo de Fundos","BB Gestão de Recursos",0.5,0.56,"15/06/2021","31/05/2021",0.2,0.22,93.04,0.96,737,0,3798,372529804.81,89.5,1,2
"BBIM11","Geral","Papel: CRIs","BB Gestão de Recursos",0.55,0,"15/06/2021","31/05/2021",0.5,0,62.59,0,0,0,20,64779558.74,0,2,2
"BBPO11","Geral","Tijolo: Bancário","Votorantim Asset Management",1.08,0.94,"15/06/2021","31/05/2021",1.17,1.01,100.43,1.15,19822,1.85,65740,1598863562.9,115.4,1,5
"BBRC11","Geral","Tijolo: Bancário","Votorantim Asset Management",0.87,0.75,"15/06/2021","31/05/2021",1.04,0.89,112.71,1.03,3485,0,8833,179216421.68,116.59,1,2
"BCFF11","Geral","Papel: Fundo de Fundos","BTG Pactual",0.5,0.58,"15/06/2021","08/06/2021",0.53,0.62,84.04,1.02,126961,2.17,282484,2119406011.49,85.99,3,1
"BCIA11","Geral","Papel: Fundo de Fundos","Banco Bradesco",0.64,0.65,"29/06/2021","31/05/2021",0.73,0.74,109.97,0.89,9346,0.38,13361,408983773.55,97.74,1,2
"BCRI11","Geral","Papel: CRIs","BRL Trust DTVM",1.59,1.38,"15/06/2021","31/05/2021",1.11,0.96,106.4,1.09,18906,0.72,38613,468178712.47,115.6,1,2
"BICE11","Geral","Papel: CRIs","BRL Trust DTVM",0,0,"00/00/0000","00/00/0000",0,0,272.14,0,0,0,89,556530.54,0,2,2
"BICR11","Geral","Papel: CRIs","Inter DTVM",0.35,0.37,"15/06/2021","31/05/2021",0.27,0.29,99.05,0.96,276,0,623,49525261.27,94.94,1,2
"BLCP11","Investidor Qualificado","Tijolo: Galpões","BTG Pactual",0.51,0.52,"21/06/2021","14/06/2021",0,0,101.45,0.97,146,0,182,194976359.83,98.48,2,2
"BLMC11","Geral","Papel: CRIs","BTG Pactual",0.78,0.76,"22/06/2021","15/06/2021",0.09,0.08,101.7,1,1,0,25,40627519.23,102,2,2
"BLMG11","Geral","Tijolo: Galpões","Vórtx DTVM LTDA",1.1,1.09,"15/06/2021","08/06/2021",0.39,0.39,99.64,1.01,8484,0,2700,379673074.25,101.08,1,2
"BLMO11","Investidor Qualificado","Tijolo: Escritórios","BRL Trust DTVM",0,0,"00/00/0000","00/00/0000",0,0,25769.52,0,1,0,95,97846867.88,0,1,2
"BLMR11","Geral","Papel: Fundo de Fundos","BRL Trust DTVM",0.65,0.78,"15/06/2021","07/06/2021",0,0,93.42,0.89,17546,0,3738,238604064.47,82.87,1,2
"BMII11","Geral","Tijolo: Escritórios","Rio Bravo Investimentos",0.23,0,"07/08/2019","31/07/2019",0.09,0,493.99,0,0,0,12,69159289.74,0,2,2
"BMLC11","Geral","Tijolo: Escritórios","BTG Pactual",0.54,0.6,"15/06/2021","08/06/2021",0.62,0.69,106.82,0.84,303,0,1596,106653765.9,89.57,1,2
"BNFS11","Geral","Tijolo: Bancário","Oliveira Trust",1.15,0.92,"15/06/2021","31/05/2021",1.09,0.87,103.73,1.2,1702,0,3368,72607805.6,124.29,1,2
"BPFF11","Geral","Papel: Fundo de Fundos","Genial Investimentos Corretora de Valores",0.57,0.72,"08/06/2021","31/05/2021",0.58,0.73,82.76,0.96,34364,0.36,19603,371794835.59,79.47,1,2
"BPML11","Geral","Tijolo: Shoppings","BTG Pactual",0.61,0.61,"25/02/2021","18/02/2021",0.14,0.14,135.79,0.74,3028,0,1172,584587292.43,99.97,1,2
"BPRP11","Investidor Qualificado","Tijolo: Galpões","BTG Pactual",0.79,0.72,"15/06/2021","08/06/2021",0.83,0.75,108.01,1.02,205,0,196,145794396.65,110,1,2
"BRCO11","Geral","Tijolo: Galpões","Oliveira Trust",0.54,0.49,"08/06/2021","31/05/2021",0.59,0.54,108.46,1.01,72100,1.64,32249,1602955497.24,109.3,4,5
"BRCR11","Geral","Tijolo: Escritórios","BTG Pactual",0.46,0.55,"15/06/2021","08/06/2021",0.5,0.6,107.8,0.77,78856,2.27,126814,2871540176.98,83.5,3,1
"BREV11","Geral","Tijolo: Escritórios","BR-CAPITAL",0.68,0.64,"15/06/2021","07/06/2021",0,0,105.43,1.01,35,0,76,98402688.55,106.51,2,2
"BRHT11B","Investidor Qualificado","Tijolo: Hotéis","BNY Mellon",0.86,0,"14/07/2014","30/06/2014",0,0,82.48,0,0,0,11,151899420.19,0,2,2
"BRIM11","Geral","Tijolo: Desenvolvimento","BRL Trust DTVM",0,0,"00/00/0000","00/00/0000",0,0,970.49,0,3,0,110,120473703.05,0,2,2
"BRIP11","Geral","Tijolo: Desenvolvimento","BRL Trust DTVM",0,0,"00/00/0000","00/00/0000",0,0,991.05,0,315,0,236,107371367.02,0,2,2
"BRLA11","Investidor Qualificado","Tijolo: Galpões","BTG Pactual",0.97,0,"22/06/2021","15/06/2021",0.48,0,125.56,0,0,0,84,122570696.66,0,2,2
"BTAL11","Geral","Tijolo: Outros","BTG Pactual",0.56,0.56,"25/06/2021","18/06/2021",0,0,100.55,1.01,25930,0,9672,601581817.76,101.08,1,2
"BTCR11","Geral","Papel: CRIs","BTG Pactual",0.67,0.71,"14/05/2021","07/05/2021",0.53,0.56,97.07,0.97,22380,0.45,8772,466929590.31,94.42,1,2
"BTLG11","Geral","Tijolo: Galpões","BTG Pactual",0.7,0.62,"25/06/2021","15/06/2021",0.62,0.55,101.09,1.12,131493,1.72,111547,1404587725.6,113.04,3,1
"BTWR11","Investidor Qualificado","Tijolo: Escritórios","BRL Trust DTVM",0,0,"00/00/0000","00/00/0000",0,0,106.72,0,0,0,53,86365770.58,0,2,2
"BVAR11","Geral","Tijolo: Varejo","Rio Bravo Investimentos",20.6,0,"23/06/2021","15/06/2021",12.46,0,1104.7,0,0,0,69,691034718.99,0,1,2
"BZLI11","Investidor Qualificado","Híbrido (Tijolo/Papel)","Índigo Investimentos DTVM",0,0,"00/00/0000","00/00/0000",0,0,11.45,0,24264,0.56,31,439665897.4,0,1,2
"CARE11","Geral","Tijolo: Outros","Planner Trustee DTVM LTDA",0,0.21,"15/06/2021","07/06/2021",0,0,1.61,0.49,10736,0,10624,288155071.03,0.79,2,2
"CBOP11","Geral","Tijolo: Escritórios","Credit Suisse Hedging-Griffo",0.49,0.68,"15/06/2021","31/05/2021",0.55,0.76,90.59,0.79,1086,0,3759,128178286.06,72,1,2
"CEOC11","Geral","Tijolo: Escritórios","BTG Pactual",0.44,0.62,"14/05/2021","07/05/2021",0.52,0.74,86.54,0.81,3149,0,6890,157128089.83,70.33,1,2
"CFHI11","Investidor Qualificado","Tijolo: Desenvolvimento","Vórtx DTVM LTDA",0,0,"00/00/0000","00/00/0000",0,0,989.69,0,0,0,57,74900061.4,0,2,2
"CJCT11","Investidor Qualificado","Tijolo: Escritórios","Hedge Investments DTVM LTDA",0.33,0.61,"09/01/2019","28/12/2018",0,0,67.35,0.8,448,0,1581,182515132.29,53.99,2,2
"CNES11","Geral","Tijolo: Escritórios","BTG Pactual",0.07,0.17,"28/05/2021","21/05/2021",0,0,87.3,0.49,737,0,2518,257473314.39,42.52,2,2
"CORM11","Investidor Qualificado","Tijolo: Desenvolvimento","BTG Pactual",1.16,1.01,"22/06/2021","15/06/2021",0.1,0.08,98.62,1.17,0,0,62,90460231.1,115,2,2
"CPFF11","Geral","Papel: Fundo de Fundos","BTG Pactual",0.8,0.95,"17/06/2021","09/06/2021",0,0,82.01,1.02,31727,0.34,11978,325884515.48,83.98,1,2
"CPTS11","Geral","Papel: CRIs","BTG Pactual",1,0.99,"18/06/2021","11/06/2021",0,0,95.06,1.07,154083,2.5,92583,2033959001.79,101.25,3,1
"CRFF11","Geral","Papel: Fundo de Fundos","Caixa Econômica Federal",0.46,0.63,"11/06/2021","01/06/2021",0.45,0.61,91.46,0.8,976,0,1869,63113822.51,73.5,1,2
"CTXT11","Geral","Tijolo: Outros","Rio Bravo Investimentos",0.05,0.21,"09/06/2021","31/05/2021",0.26,1.09,48.38,0.49,1448,0,4196,125506257.05,23.6,1,2
"CVBI11","Geral","Papel: CRIs","BRL Trust DTVM",1,0.96,"16/06/2021","09/06/2021",0,0,100.37,1.04,78135,0.99,32157,597925064.54,104.62,4,5
"CXCE11B","Geral","Tijolo: Escritórios","Caixa Econômica Federal",0.91,1.09,"15/06/2021","31/05/2021",0.95,1.14,81.1,1.03,2188,0,2930,138915815.67,83.6,1,2
"CXCO11","Geral","Tijolo: Escritórios","Vórtx DTVM LTDA",0.72,0.7,"15/06/2021","31/05/2021",0.11,0.11,100.19,1.02,3272,0,13462,393177556.14,102.38,1,2
"CXRI11","Geral","Papel: Fundo de Fundos","Caixa Econômica Federal",0.54,0.57,"11/06/2021","01/06/2021",0.78,0.82,93.11,1.03,1316,0,3048,146719618.31,95.48,1,2
"CXTL11","Geral","Tijolo: Galpões","Caixa Econômica Federal",4.68,1.27,"15/06/2021","31/05/2021",1.43,0.39,646.64,0.57,469,0,569,34657816.54,370,1,2
"DAMT11B","Geral","Tijolo: Shoppings","Banco Modal SA",0,0,"00/00/0000","00/00/0000",0,0,0.94,0,1,0,51,104806726.66,0,2,2
"DEVA11","Geral","Papel: CRIs","Vórtx DTVM LTDA",1.1,1,"15/06/2021","08/06/2021",1.04,0.94,99.81,1.1,78594,1.09,31999,960639964.75,110.02,4,5
"DMAC11","Investidor Qualificado","Tijolo: Desenvolvimento","Oliveira Trust",29.05,36.32,"15/04/2021","06/04/2021",2.65,3.31,10.72,7.46,4308,0,2072,1673504.88,79.99,5,4
"DOVL11B","Investidor Qualificado","Tijolo: Escritórios","BNY Mellon",8.72,0,"20/08/2020","12/08/2020",5.97,0,947.54,0,1,0,7,59010629.22,0,2,2
"DRIT11B","Geral","Tijolo: Escritórios","Banco Daycoval SA",0.33,0.28,"15/06/2021","07/06/2021",0,0,131.01,0.91,81,0,302,60692337.91,119,2,2
"EDFO11B","Geral","Tijolo: Escritórios","Oliveira Trust",1.36,0.54,"10/06/2021","31/05/2021",1.58,0.63,213.77,1.17,127,0,592,50449075.35,250,1,2
"EDGA11","Geral","Tijolo: Escritórios","BTG Pactual",0.1,0.38,"31/05/2021","24/05/2021",0,0,78.77,0.34,4484,0,7549,300270482.22,26.68,2,2
"ELDO11B","Geral","Tijolo: Shoppings","Rio Bravo Investimentos",3.09,0,"21/06/2021","11/06/2021",0,0,1236.59,0,0,0,61,973512484.69,0,1,2
"ERCR11","Investidor Qualificado","Tijolo: Desenvolvimento","Oliveira Trust",919.21,1.08,"24/06/2021","17/06/2021",0,0,88973.95,0.96,1,0,14,211402106.27,85227.76,6,3
"ERPA11","Investidor Qualificado","Tijolo: Escritórios","Oliveira Trust",0,0,"00/00/0000","00/00/0000",0,0,104.5,0,21,0,12,51844937.69,0,2,2
"EURO11","Geral","Tijolo: Galpões","COINVALORES",1.35,0.65,"15/06/2021","31/05/2021",1.28,0.61,283.56,0.73,1177,0,2417,108870706.82,208.29,1,2
"EVBI11","Geral","Tijolo: Outros","BRL Trust DTVM",0.64,0.63,"08/06/2021","31/05/2021",0.21,0.21,97.99,1.04,126,0,108,106070885.36,102,1,2
"FAED11","Geral","Tijolo: Educacional","BTG Pactual",1.1,0.72,"15/06/2021","08/06/2021",1.36,0.88,213.91,0.72,2045,0,5135,137364240.49,154,1,2
"FAMB11B","Geral","Tijolo: Escritórios","BTG Pactual",9.16,0.56,"13/11/2020","30/10/2020",27.24,1.65,3483.74,0.47,504,0,3669,365096455.45,1650.01,1,2
"FATN11","Geral","Tijolo: Escritórios","BR-CAPITAL",0.67,0.65,"15/06/2021","07/06/2021",0,0,100.27,1.02,231,0,219,65452316.84,102.4,2,2
"FCFL11","Geral","Tijolo: Educacional","BTG Pactual",0.64,0.58,"25/06/2021","18/06/2021",0,0,101.44,1.08,3581,0,4492,352396190.17,110,2,2
"FEXC11","Geral","Papel: CRIs","BTG Pactual",0.72,0.74,"15/06/2021","08/06/2021",0.78,0.79,92.55,1.05,7555,0,17504,564889746.62,97.58,1,2
"FIGS11","Geral","Tijolo: Shoppings","Hedge Investments DTVM LTDA",0.15,0.25,"15/06/2021","31/05/2021",0,0,94.44,0.63,11584,0.19,17985,269145540.06,59.49,2,2
"FIIB11","Geral","Tijolo: Galpões","COINVALORES",3.3,0.66,"10/06/2021","31/05/2021",2.8,0.56,442.09,1.13,3965,0.35,17975,302833973.76,501.59,1,2
"FIIP11B","Geral","Tijolo: Galpões","Oliveira Trust",1.12,0.55,"15/06/2021","31/05/2021",1.87,0.92,193.16,1.05,2054,0,9027,179093742.38,202.13,1,2
"FINF11","Investidor Qualificado","Tijolo: Galpões","Planner Trustee DTVM LTDA",0.06,0,"15/06/2021","31/05/2021",0.1,0,100.96,0,0,0,4,82794886.17,0,2,2
"FISC11","Geral","Tijolo: Escritórios","BR-CAPITAL",0.12,0,"23/06/2021","15/06/2021",0.08,0,155.22,0,2,0,65,254356373.94,0,2,2
"FISD11","Investidor Qualificado","Papel: CRIs","RJI CTVM LTDA",0,0,"00/00/0000","00/00/0000",0,0,111.06,0,1,0,25,119119345.57,0,2,2
"FIVN11","Geral","Tijolo: Shoppings","Oliveira Trust",0,0,"00/00/0000","00/00/0000",0,0,6.88,0,2340,0,2725,64797779.29,0,2,2
"FLCR11","Investidor Qualificado","Papel: CRIs","BRL Trust DTVM",1,0.98,"15/06/2021","08/06/2021",0.39,0.38,100.99,1.01,335,0,167,50492944.25,102.49,1,2
"FLMA11","Geral","Tijolo: Escritórios","BR-CAPITAL",0.4,0.29,"15/06/2021","07/06/2021",0,0,155.52,0.9,41421,0.19,74717,214724797.74,139.5,1,2
"FLRP11","Geral","Tijolo: Shoppings","BTG Pactual",4,0.3,"31/05/2021","20/05/2021",0,0,1662.33,0.8,129,0,970,108437237.85,1323,2,2
"FMOF11","Geral","Tijolo: Escritórios","COIN DTVM",0.64,0.9,"15/01/2021","30/12/2020",0.38,0.53,132.16,0.54,106,0,361,67138225.68,71.37,1,2
"FPAB11","Geral","Tijolo: Escritórios","COIN DTVM",1.2,0.45,"15/06/2021","31/05/2021",1.74,0.66,448.2,0.59,434,0,975,336149327.91,264.91,1,2
"FPNG11","Geral","Tijolo: Escritórios","BR-CAPITAL",0.52,0,"15/06/2021","07/06/2021",0,0,166.81,0,1,0,50,165220479.25,0,2,2
"FTCE11B","Investidor Qualificado","Híbrido (Tijolo/Papel)","BRL Trust DTVM",77.42,2.62,"01/03/2021","22/02/2021",102.46,3.47,2716.72,1.09,1,0,10,2381264954.43,2950.01,3,5
"FVBI11","Geral","Tijolo: Escritórios","BTG Pactual",30,18.78,"31/08/2020","21/08/2020",3.03,1.9,0,NA,2319,0,0,0,159.71,5,4
"FVPQ11","Geral","Tijolo: Shoppings","Rio Bravo Investimentos",0.43,0.31,"09/06/2021","31/05/2021",0.31,0.22,196.74,0.7,1356,0,5282,550899159.13,137.8,1,2
"GALG11","Geral","Tijolo: Galpões","BRL Trust DTVM",0.84,0.76,"15/06/2021","31/05/2021",0.39,0.36,105.4,1.05,9742,0,3920,591621104.25,110.3,1,2
"GCFF11","Geral","Papel: Fundo de Fundos","BTG Pactual",0.87,0.9,"21/06/2021","14/06/2021",0,0,95.63,1.01,671,0,1484,32379342.98,97,2,2
"GCRI11","Geral","Papel: CRIs","BTG Pactual",0.92,0.9,"21/06/2021","14/06/2021",0,0,101.18,1.01,1697,0,222,87076265.78,102.25,2,2
"GESE11B","Investidor Qualificado","Tijolo: Educacional","Oliveira Trust",8.67,0,"15/06/2021","31/05/2021",0,0,1352.6,0,1,0,55,70335173.68,0,2,2
"GGRC11","Geral","Tijolo: Galpões","CM Capital Markets",0.7,0.58,"09/06/2021","01/06/2021",0.7,0.58,124.56,0.96,71229,0.95,93758,966425568.63,120.1,4,5
"GSFI11","Geral","Tijolo: Shoppings","Planner Trustee DTVM LTDA",0,0.03,"14/07/2020","30/06/2020",0,0,13.92,0.18,2546,0,5391,953239815.02,2.51,1,2
"GTWR11","Geral","Tijolo: Escritórios","Votorantim Asset Management",0.67,0.63,"15/06/2021","31/05/2021",0.74,0.69,100.79,1.06,44200,1.29,26981,1209473424.07,107,4,5
"HAAA11","Geral","Tijolo: Escritórios","Hedge Investments DTVM LTDA",0.52,0.52,"15/06/2021","31/05/2021",0,0,96.1,1.05,88,0,90,260433878.31,100.9,2,2
"HABT11","Geral","Papel: CRIs","Vórtx DTVM LTDA",1.8,1.42,"11/06/2021","31/05/2021",0,0,100.08,1.26,29677,0.69,27842,541658651.35,126.35,1,2
"HBRH11","Geral","Tijolo: Escritórios","BRL Trust DTVM",0.66,0.7,"15/06/2021","31/05/2021",0.78,0.83,109.38,0.86,1912,0,879,245632663.72,94.08,1,2
"HCRI11","Geral","Tijolo: Hospital","BTG Pactual",3.08,0.79,"18/06/2021","11/06/2021",0,0,303.1,1.29,889,0,3213,60619598.18,391.22,2,2
"HCST11","Geral","Tijolo: Shoppings","Vórtx DTVM LTDA",0,0,"00/00/0000","00/00/0000",0,0,106.16,0,102,0,84,30461843.17,0,2,2
"HCTR11","Geral","Papel: CRIs","Vórtx DTVM LTDA",1.9,1.37,"15/06/2021","08/06/2021",2.1,1.51,116.91,1.19,94781,1.92,96170,1194309373.39,138.6,4,5
"HFOF11","Geral","Papel: Fundo de Fundos","Hedge Investments DTVM LTDA",0.6,0.6,"15/06/2021","31/05/2021",0,0,95.21,1.05,47760,2.29,67670,2051533076.21,99.89,3,5
"HGBS11","Geral","Tijolo: Shoppings","Hedge Investments DTVM LTDA",0.35,0.17,"15/06/2021","31/05/2021",0,0,219.58,0.91,30799,2.06,82260,2195761211.36,200.45,3,5
"HGCR11","Geral","Papel: CRIs","Credit Suisse Hedging-Griffo",0.75,0.7,"15/06/2021","31/05/2021",0,0,104.6,1.03,70078,1.33,58993,1294128523.66,107.65,4,5
"HGFF11","Geral","Papel: Fundo de Fundos","Credit Suisse Hedging-Griffo",0.5,0.58,"15/06/2021","31/05/2021",0.62,0.72,94.85,0.91,15782,0.24,8708,271606656.75,85.95,1,2
"HGIC11","Geral","Papel: CRIs","Vórtx DTVM LTDA",0.78,0.73,"17/06/2021","31/05/2021",0.13,0.12,103.68,1.03,445,0,140,13305600.41,107,2,2
"HGLG11","Geral","Tijolo: Galpões","Credit Suisse Hedging-Griffo",1,0.59,"15/06/2021","31/05/2021",1,0.59,148.59,1.14,102144,3.14,280532,2739487707.59,169.54,3,1
"HGPO11","Geral","Tijolo: Escritórios","Credit Suisse Hedging-Griffo",1.17,0.53,"15/06/2021","31/05/2021",1.06,0.48,241.56,0.91,4207,0.41,9950,423466782.77,220.04,1,2
"HGRE11","Geral","Tijolo: Escritórios","Credit Suisse Hedging-Griffo",0.69,0.54,"15/06/2021","31/05/2021",0.73,0.57,169.1,0.76,79294,1.59,110914,1998358393.35,128.66,4,5
"HGRU11","Geral","Tijolo: Educacional","Credit Suisse Hedging-Griffo",0.7,0.58,"15/06/2021","31/05/2021",0.74,0.62,117.88,1.02,132770,2.27,129811,2169838766.49,120.15,3,1
"HLOG11","Geral","Tijolo: Galpões","Hedge Investments DTVM LTDA",0.63,0.55,"15/06/2021","31/05/2021",0,0,119.4,0.95,2807,0,4052,507453457.78,113.75,1,2
"HOSI11","Geral","Tijolo: Outros","Vórtx DTVM LTDA",0.54,0.67,"08/06/2021","31/05/2021",0.41,0.51,92.49,0.87,833,0,2246,53038319.57,80.64,1,2
"HPDP11","Geral","Tijolo: Shoppings","Hedge Investments DTVM LTDA",0.08,0.1,"15/06/2021","31/05/2021",0,0,100.3,0.82,610,0,377,291754173.69,82.39,2,2
"HRDF11","Investidor Qualificado","Tijolo: Desenvolvimento","Hedge Investments DTVM LTDA",0,0,"00/00/0000","00/00/0000",0,0,1.67,0,2929,0,1283,12681699.64,0,2,2
"HREC11","Geral","Papel: CRIs","Hedge Investments DTVM LTDA",1.04,1.03,"15/06/2021","31/05/2021",0,0,98.11,1.03,342,0,210,115420822.18,101.3,2,2
"HSAF11","Geral","Papel: CRIs","BRL Trust DTVM",1.1,1.08,"08/06/2021","31/05/2021",0.54,0.53,98.5,1.03,10154,0,4116,88962262.5,101.91,1,2
"HSLG11","Geral","Tijolo: Galpões","BRL Trust DTVM",0.58,0.55,"08/06/2021","31/05/2021",0.27,0.25,112.63,0.94,26124,1.32,14493,1425858495.21,106.19,1,5
"HSML11","Geral","Tijolo: Shoppings","Santander Securities Services Brasil DTVM",0.35,0.38,"08/06/2021","31/05/2021",0,0,97.88,0.93,56371,1.46,122744,1544629510.31,91.09,4,5
"HSRE11","Geral","Tijolo: Híbrido","BRL Trust DTVM",0.54,0.58,"08/06/2021","31/05/2021",0.2,0.22,96.87,0.96,493,0,29,825174359.56,93,1,2
"HTMX11","Geral","Tijolo: Hotéis","BTG Pactual",0.71,0.45,"06/03/2020","28/02/2020",0.83,0.53,130.57,1.2,6605,0.13,24484,164134688.37,156.93,1,2
"HUSC11","Geral","Tijolo: Hospital","Rio Bravo Investimentos",0.73,0.54,"15/06/2021","31/05/2021",0.77,0.57,130.17,1.03,284,0,666,103437354.92,134,1,2
"HUSI11","Geral","Tijolo: Hospital","Planner Corretora de Valores",0,0,"00/00/0000","00/00/0000",0,0,952.58,0,1,0,77,95602971.3,0,2,2
"IBFF11","Geral","Papel: Fundo de Fundos","BTG Pactual",0.5,0.73,"17/06/2021","10/06/2021",0,0,83.5,0.83,4969,0,5410,55666031.82,68.95,2,2
"IFID11","Geral","Papel: Fundo de Fundos","Inter DTVM",0.88,0.94,"15/06/2021","31/05/2021",0.19,0.2,92.56,1.02,2955,0,2094,69249052.19,94,2,2
"IFIE11","Geral","Papel: Fundo de Fundos","Inter DTVM",0.41,0.42,"14/05/2021","30/04/2021",0.24,0.24,87.71,1.11,2314,0,6368,78985256.49,97,1,2
"IRDM11","Geral","Papel: CRIs","BTG Pactual",1.15,0.88,"17/06/2021","10/06/2021",0,0,98.54,1.33,146462,2.72,161996,2167872890.7,131,3,1
"JFLL11","Geral","Tijolo: Outros","Banco Genial",0.62,0.65,"15/06/2021","31/05/2021",0.21,0.22,96.68,0.98,4330,0,1558,145082024.05,94.73,1,2
"JPPA11","Geral","Papel: CRIs","Vórtx DTVM LTDA",1.06,1.06,"09/06/2021","31/05/2021",0.85,0.85,103.75,0.96,815,0,384,62661769.59,100,1,2
"JPPC11","Geral","Tijolo: Desenvolvimento","Banco Finaxis",18.82,0,"15/06/2021","31/05/2021",2.8,0,461.17,0,4,0,79,25364609.24,0,2,2
"JRDM11","Geral","Tijolo: Shoppings","BTG Pactual",0.16,0.23,"15/06/2021","08/06/2021",0.15,0.22,87.51,0.78,2056,0,5492,220785848.59,68.27,2,2
"JSRE11","Geral","Tijolo: Escritórios","Banco J Safra",0.53,0.58,"22/06/2021","31/05/2021",0.56,0.61,113.49,0.81,71054,1.9,44351,2356825185.46,91.47,3,1
"JTPR11","Geral","Tijolo: Desenvolvimento","Planner Corretora de Valores",1.63,0,"28/09/2020","31/08/2020",0.38,0,110.85,0,0,0,9,23796389.95,0,2,2
"KEVE11","Investidor Qualificado","Tijolo: Desenvolvimento","INTRAG DTVM",0,0,"00/00/0000","00/00/0000",0,0,1009.72,0,312,0,383,149136752.3,0,2,2
"KFOF11","Geral","Papel: Fundo de Fundos","INTRAG DTVM",0.55,0.6,"15/06/2021","31/05/2021",0.58,0.62,103.28,0.89,7017,0.42,7010,468185948.21,92.29,1,2
"KINP11","Investidor Qualificado","Tijolo: Desenvolvimento","INTRAG DTVM",0.19,1.39,"15/04/2021","31/03/2021",0.07,0.51,8.72,1.57,200,0,444,62324980.79,13.7,1,2
"KISU11","Geral","Papel: Fundo de Fundos","Vórtx DTVM LTDA",0.64,0.53,"15/06/2021","31/05/2021",0,0,92.26,1.31,49375,0,24652,70420763.26,120.68,1,2
"KNCR11","Geral","Papel: CRIs","INTRAG DTVM",0.35,0.38,"14/06/2021","31/05/2021",0.33,0.36,98.48,0.92,69636,3.62,67565,3850279410.01,91.02,3,1
"KNHY11","Investidor Qualificado","Papel: CRIs","INTRAG DTVM",1.09,0.97,"14/06/2021","31/05/2021",0.97,0.86,102.33,1.1,23839,1.22,6548,1093944959.36,112.27,4,5
"KNIP11","Investidor Qualificado","Papel: CRIs","INTRAG DTVM",1.13,1.03,"14/06/2021","31/05/2021",0.98,0.9,103.15,1.06,116700,5.22,56882,4862128060.12,109.6,3,1
"KNRE11","Investidor Qualificado","Tijolo: Desenvolvimento","INTRAG DTVM",0.04,1.1,"15/01/2021","30/12/2020",0.15,4.14,2.5,1.46,3409,0,7034,46336196.31,3.65,1,2
"KNRI11","Geral","Tijolo: Híbrido","INTRAG DTVM",0.69,0.48,"15/06/2021","31/05/2021",0.72,0.5,156.03,0.92,82660,3.47,235231,3769251648.72,143.72,3,1
"KNSC11","Geral","Papel: CRIs","INTRAG DTVM",1,0.96,"14/06/2021","31/05/2021",0.55,0.53,95.38,1.09,66398,0.6,19030,613319321.47,103.98,4,5
"LASC11","Geral","Tijolo: Shoppings","Vórtx DTVM LTDA",0.24,0.26,"08/06/2021","31/05/2021",0.38,0.41,103.28,0.9,86,0,141,260083653.39,93.08,1,2
"LATR11B","Investidor Qualificado","Tijolo: Desenvolvimento","Oliveira Trust",3.67,1.47,"16/12/2020","09/12/2020",43.37,17.35,28.92,8.64,31,0,163,3589511.84,250,6,4
"LFTT11","Investidor Qualificado","Tijolo: Desenvolvimento","Modal DTVM",0.75,0.71,"15/04/2021","31/03/2021",0.28,0.26,61.15,1.73,589,0,364,429557690.92,105.99,1,2
"LGCP11","Geral","Tijolo: Galpões","Inter DTVM",0.54,0.57,"15/06/2021","31/05/2021",0.5,0.53,98.8,0.95,4988,0,9733,270011706.16,93.94,1,2
"LOFT11B","Investidor Qualificado","Tijolo: Desenvolvimento","Modal DTVM",0.2,0.72,"15/04/2021","31/03/2021",0.76,2.72,78.88,0.35,179,0,101,181978456.88,27.98,1,2
"LUGG11","Geral","Tijolo: Outros","Inter DTVM",0.54,0.57,"15/06/2021","31/05/2021",0.52,0.55,109.46,0.87,1262,0,4384,98513437.42,95,1,2
"LVBI11","Geral","Tijolo: Galpões","BTG Pactual",0.56,0.53,"08/06/2021","31/05/2021",0.59,0.56,110.31,0.96,75627,1.37,35409,1298931844.06,105.45,4,5
"MALL11","Geral","Tijolo: Shoppings","Genial Investimentos Corretora de Valores",0.45,0.46,"15/06/2021","31/05/2021",0.44,0.45,104.8,0.93,34738,0.75,85219,792318974.41,97.05,4,5
"MAXR11","Geral","Tijolo: Varejo","BTG Pactual",0.42,0.45,"15/06/2021","08/06/2021",0.66,0.71,117.71,0.79,1651,0,3066,132504820.48,92.9,1,2
"MBRF11","Geral","Tijolo: Escritórios","Rio Bravo Investimentos",7.15,0.81,"15/06/2021","07/06/2021",0,0,1141.33,0.78,766,0,2840,116031980.3,885.4,2,2
"MCCI11","Geral","Papel: CRIs","BTG Pactual",0.9,0.87,"18/06/2021","11/06/2021",0,0,100.76,1.03,101522,0.93,45411,899538457.59,103.36,4,5
"MFAI11","Geral","Híbrido (Tijolo/Papel)","Planner Trustee DTVM LTDA",0.89,0.89,"15/06/2021","31/05/2021",1.19,1.19,95,1.05,2339,0,3756,28802721.72,99.63,1,2
"MFII11","Geral","Tijolo: Desenvolvimento","Planner Corretora de Valores",0.91,0.79,"15/06/2021","31/05/2021",1.08,0.94,118.46,0.97,12808,0.48,29520,470741477.83,115.14,1,2
"MGCR11","Geral","Papel: CRIs","BTG Pactual",0.7,0.71,"21/06/2021","14/06/2021",0,0,95.19,1.04,5094,0,1579,135393278.97,99.14,2,2
"MGFF11","Geral","Papel: Fundo de Fundos","BTG Pactual",0.55,0.66,"17/06/2021","08/06/2021",0.62,0.74,84.54,0.99,42201,0.76,51364,765165830.09,83.67,4,5
"MGHT11","Investidor Qualificado","Tijolo: Hotéis","BTG Pactual",1,1.02,"18/06/2021","11/06/2021",0,0,101.82,0.96,858,0,295,106716794.02,97.99,2,2
"MINT11","Investidor Qualificado","Tijolo: Educacional","Brasil Plural SA Banco Múltiplo",0,0,"00/00/0000","00/00/0000",0,0,100.11,0,304,0,64,52059602.97,0,2,2
"MORE11","Investidor Qualificado","Papel: Fundo de Fundos","BTG Pactual",0.67,0.74,"21/06/2021","14/06/2021",0,0,98.05,0.93,5520,0,5881,227393363.31,90.95,2,2
"MTOF11","Geral","Tijolo: Escritórios","Oliveira Trust",0,0,"00/00/0000","00/00/0000",0,0,92,0,0,0,3,164963990.19,0,2,2
"MXRF11","Geral","Papel: CRIs","BTG Pactual",0.07,0.66,"15/06/2021","31/05/2021",0.08,0.73,10,1.06,347123,2.39,393767,2259874256.91,10.57,3,1
"NAVT11","Geral","Papel: Fundo de Fundos","BTG Pactual",0.6,0.67,"21/06/2021","14/06/2021",0,0,95.99,0.93,5230,0,2247,101218902.51,89.48,2,2
"NCHB11","Geral","Papel: CRIs","BTG Pactual",0.91,0.96,"15/06/2021","08/06/2021",0.95,1.01,93.75,1.01,5076,0,6516,135186503.35,94.55,1,2
"NEWL11","Geral","Tijolo: Galpões","Brasil Plural SA Banco Múltiplo",0.9,0.85,"15/06/2021","31/05/2021",0.78,0.73,107.66,0.98,855,0,1550,218905446.39,105.87,1,2
"NEWU11","Geral","Tijolo: Escritórios","Brasil Plural SA Banco Múltiplo",0.11,0.24,"18/08/2020","11/08/2020",1.01,2.25,63.21,0.71,192,0,1812,46900867.62,45,1,2
"NPAR11","Geral","Papel: CRIs","Planner Trustee DTVM LTDA",41.01,30.84,"14/05/2021","30/04/2021",3.42,2.57,115.37,1.15,893,0,52,13797678.05,133,5,4
"NSLU11","Geral","Tijolo: Hospital","BTG Pactual",1.8,0.72,"08/06/2021","31/05/2021",2.28,0.91,213.07,1.17,3053,0,7631,243923226.97,250,1,2
"NVHO11","Geral","Tijolo: Hospital","Genial Investimentos Corretora de Valores",0.07,0.49,"09/06/2021","31/05/2021",0.09,0.61,12.37,1.16,754,0,2575,513493362.85,14.4,1,2
"NVIF11B","Investidor Qualificado","Tijolo: Desenvolvimento","Modal DTVM",0.3,0,"12/02/2021","29/01/2021",0.67,0,165.61,0,0,0,7,55877174.82,0,2,2
"ONEF11","Geral","Tijolo: Escritórios","Rio Bravo Investimentos",0.64,0.45,"15/06/2021","07/06/2021",0,0,160.54,0.88,1025,0,4257,146254528.05,141.06,2,2
"ORPD11","Investidor Qualificado","Tijolo: Desenvolvimento","Planner Trustee DTVM LTDA",1.38,1.1,"29/03/2019","28/02/2019",0.11,0.09,147.8,0.85,55,0,16,42861168.07,125,2,2
"OUFF11","Geral","Papel: Fundo de Fundos","Banco Ourinvest SA",0.65,0.77,"22/06/2021","15/06/2021",0.67,0.79,87.63,0.96,4335,0,8269,158988425.08,84.46,1,2
"OUJP11","Geral","Papel: CRIs","Finaxis CTVM SA",0.65,0.64,"15/06/2021","31/05/2021",0.71,0.69,103.02,0.99,35556,0.34,20707,335047577.06,101.96,1,2
"OULG11","Geral","Tijolo: Galpões","Banco Ourinvest SA",0.5,0.69,"22/06/2021","15/06/2021",0.62,0.86,93.52,0.78,6454,0.18,6677,232053394.57,72.5,1,2
"OURE11","Geral","Papel: CRIs","Banco Ourinvest SA",0.82,0.92,"22/06/2021","15/06/2021",0.73,0.82,99.28,0.89,2541,0,3622,82588575.8,88.69,1,2
"PABY11","Geral","Tijolo: Desenvolvimento","BRKB DTVM",0,0,"00/00/0000","00/00/0000",0,0,-7.83,0,145,0,439,-5941591.36,0,2,2
"PATC11","Geral","Tijolo: Escritórios","Modal DTVM",0.32,0.47,"09/06/2021","31/05/2021",0.32,0.47,86.27,0.79,14811,0.24,13487,299994986.42,67.75,1,2
"PATL11","Geral","Tijolo: Galpões","Vórtx DTVM LTDA",0.57,0.63,"09/06/2021","31/05/2021",0.42,0.46,96.24,0.94,54423,0.45,12904,480384513.48,90.01,4,5
"PBLV11","Investidor Qualificado","Tijolo: Galpões","BRL Trust DTVM",28.19,0,"29/01/2021","21/01/2021",6.38,0,1342.93,0,0,0,2,3689158833.54,0,3,1
"PEMA11","Investidor Qualificado","Papel: CRIs","BRL Trust DTVM",0.59,0.67,"15/06/2021","31/05/2021",0.05,0.06,101.64,0.87,44,0,66,56106293.35,88,2,2
"PLCR11","Geral","Papel: CRIs","Brasil Plural SA Banco Múltiplo",0.95,1.01,"15/06/2021","31/05/2021",0.65,0.7,97.5,0.96,25929,0.21,6115,205645868.44,93.79,1,2
"PLOG11","Geral","Tijolo: Galpões","Banco Genial",0.68,0.72,"15/06/2021","31/05/2021",0.12,0.12,95.2,0.99,2099,0,1631,71398808.69,93.99,2,2
"PLRI11","Investidor Qualificado","Papel: CRIs","Oliveira Trust",0.23,0.51,"08/06/2021","31/05/2021",0.25,0.55,55.32,0.83,405,0,793,52788623.53,46.01,1,2
"PORD11","Geral","Papel: CRIs","Oliveira Trust",1,0.97,"08/06/2021","31/05/2021",0.9,0.87,101.37,1.02,7801,0.42,8850,199977610.24,103,1,2
"PQAG11","Geral","Tijolo: Galpões","Hedge Investments DTVM LTDA",0.36,0.56,"15/06/2021","31/05/2021",0,0,54.39,1.17,291,0,385,761036339.46,63.75,1,2
"PQDP11","Geral","Tijolo: Shoppings","BTG Pactual",1.88,0.07,"18/06/2021","31/05/2021",6.21,0.22,3636.39,0.79,620,0,4170,867195308.31,2868.99,1,2
"PRSN11B","Investidor Qualificado","Tijolo: Desenvolvimento","Oliveira Trust",0.02,2.41,"15/01/2021","08/01/2021",0.06,7.74,0.45,1.67,3170,0,1197,23280283.39,0.75,1,4
"PRSV11","Geral","Tijolo: Escritórios","Hedge Investments DTVM LTDA",1.62,0.42,"15/10/2020","30/09/2020",2.04,0.53,237.72,1.61,354,0,1230,46355327.15,382,1,2
"PRTS11","Investidor Qualificado","Tijolo: Shoppings","Banco Modal SA",0,0,"00/00/0000","00/00/0000",0,0,0.09,0,0,0,11,4894470.14,0,2,2
"PVBI11","Geral","Tijolo: Escritórios","BTG Pactual",0.54,0.57,"08/06/2021","31/05/2021",0.37,0.39,96.44,0.99,72029,0.94,31680,937403918.87,95,4,5
"QAGR11","Geral","Tijolo: Outros","BTG Pactual",0.38,0.71,"09/06/2021","01/06/2021",0.4,0.75,58.41,0.91,28688,0.27,18019,294400660.1,53.4,1,2
"QAMI11","Geral","Papel: CRIs","Banco Genial",0.98,1.03,"15/06/2021","31/05/2021",0.11,0.12,95.13,1,241,0,603,76240155.14,95,2,2
"QIFF11","Geral","Papel: Fundo de Fundos","BRL Trust DTVM",0.73,0.7,"15/06/2021","31/05/2021",0.63,0.6,96.15,1.09,321,0,188,14422226.23,104.9,1,2
"RBBV11","Geral","Tijolo: Desenvolvimento","Caixa Econômica Federal",27.19,27.6,"08/07/2021","02/06/2021",0,0,100.31,0.98,732,0,3143,125807524.8,98.5,5,4
"RBCO11","Geral","Tijolo: Escritórios","BRL Trust DTVM",0.39,0.67,"15/06/2021","31/05/2021",0.5,0.85,101.11,0.58,7682,0,4236,382112991.3,58.29,1,2
"RBDS11","Investidor Qualificado","Tijolo: Desenvolvimento","Oliveira Trust",1.84,2.65,"10/12/2019","29/11/2019",1.92,2.75,31.06,2.24,281,0,1017,3930061.2,69.6,1,2
"RBED11","Geral","Tijolo: Educacional","Rio Bravo Investimentos",1.03,0.7,"15/06/2021","31/05/2021",1.1,0.74,150.32,0.98,6435,0.3,11879,303894530.56,147.55,1,2
"RBFF11","Geral","Papel: Fundo de Fundos","BRL Trust DTVM",0.5,0.73,"15/06/2021","31/05/2021",0.53,0.77,71.7,0.96,13446,0.26,19097,268634459.58,68.71,1,2
"RBGS11","Geral","Tijolo: Shoppings","Oliveira Trust",0.02,0.06,"15/06/2021","31/05/2021",0.11,0.28,90.74,0.42,1653,0,2959,97817118.87,38.17,1,2
"RBHY11","Geral","Papel: CRIs","BRL Trust DTVM",1.2,1.17,"15/06/2021","31/05/2021",0.29,0.28,101.79,1.01,317,0,216,61072405.02,102.8,1,2
"RBIR11","Geral","Tijolo: Desenvolvimento","Oliveira Trust",0,0,"00/00/0000","00/00/0000",0,0,96.7,0,295,0,1197,147816452.31,0,2,2
"RBIV11","Geral","Papel: CRIs","BRL Trust DTVM",0.7,0.84,"15/06/2021","31/05/2021",0.62,0.74,102.96,0.81,4803,0,3142,105464967.11,83.5,1,2
"RBLG11","Investidor Qualificado","Tijolo: Galpões","BTG Pactual",0.53,0.49,"08/06/2021","01/06/2021",0.12,0.12,114.05,0.94,4,0,64,73013549.43,107,2,2
"RBRD11","Geral","Tijolo: Varejo","Votorantim Asset Management",0.05,0.08,"15/06/2021","31/05/2021",1.68,2.8,71.44,0.84,3198,0.11,12020,132282376.33,60.1,1,2
"RBRF11","Geral","Papel: Fundo de Fundos","BTG Pactual",0.6,0.68,"17/06/2021","10/06/2021",0,0,89.62,0.98,56430,1.21,73350,1226124289.97,87.93,4,5
"RBRL11","Geral","Tijolo: Galpões","BRL Trust DTVM",0.7,0.65,"15/06/2021","08/06/2021",0.73,0.68,106.99,1,33325,0,5791,715432791.49,106.89,4,5
"RBRM11","Investidor Qualificado","Tijolo: Desenvolvimento","BTG Pactual",15.5,0,"19/04/2021","12/04/2021",1680.36,0,163617.05,0,1,0,54,88189591.65,0,6,3
"RBRP11","Geral","Tijolo: Escritórios","BRL Trust DTVM",0.32,0.37,"15/06/2021","08/06/2021",0.53,0.62,86.63,0.99,71023,1.03,88346,1055098676.95,85.9,4,5
"RBRR11","Geral","Papel: CRIs","BTG Pactual",0.8,0.79,"17/06/2021","10/06/2021",0,0,99.51,1.02,64327,1.05,70464,760100875.11,101.5,4,5
"RBRS11","Geral","Tijolo: Desenvolvimento","Rio Bravo Investimentos",0.4,0.54,"15/06/2021","31/05/2021",0.2,0.27,96.4,0.77,252,0,1153,100701755.51,74.57,1,2
"RBRY11","Geral","Papel: CRIs","BTG Pactual",0.75,0.72,"17/06/2021","10/06/2021",0,0,102.96,1.01,21070,0,8933,349785652.72,104.1,1,2
"RBTS11","Investidor Qualificado","Tijolo: Desenvolvimento","Oliveira Trust",0,0,"00/00/0000","00/00/0000",0,0,1050.75,0,1,0,56,59393774.96,0,2,2
"RBVA11","Geral","Tijolo: Bancário","Rio Bravo Investimentos",0.85,0.77,"15/06/2021","31/05/2021",0.95,0.85,113.98,0.97,17378,1.32,40696,1320790070.8,110.73,1,5
"RBVO11","Geral","Papel: CRIs","Rio Bravo Investimentos",0.04,0.35,"09/06/2021","31/05/2021",0.08,0.62,22.88,0.55,1075,0,2066,11801375.84,12.5,1,2
"RCFA11","Investidor Qualificado","Tijolo: Desenvolvimento","Terra Investimentos DTVM",0,0,"00/00/0000","00/00/0000",0,0,1.56,0,10830,0,3617,18263993,0,2,2
"RCFF11","Investidor Qualificado","Papel: Fundo de Fundos","BRL Trust DTVM",3.11,2.87,"22/01/2021","14/01/2021",0.16,0.15,98.34,1.1,113,0,81,31782377.65,108.5,1,2
"RCRB11","Geral","Tijolo: Escritórios","Rio Bravo Investimentos",0.8,0.52,"15/06/2021","07/06/2021",0,0,196.41,0.78,35644,0.56,29434,724878219.59,152.41,1,5
"RCRI11B","Investidor Qualificado","Papel: CRIs","Oliveira Trust",19.7,0,"01/03/2021","19/02/2021",7.46,0,1032.9,0,2,0,148,52690426.09,0,2,2
"RDPD11","Geral","Papel: CRIs","Votorantim Asset Management",0.41,0.49,"15/06/2021","31/05/2021",0.43,0.51,98.84,0.85,380,0,770,106549724.7,84.23,1,2
"RECR11","Geral","Papel: CRIs","BRL Trust DTVM",1.2,1.16,"15/06/2021","08/06/2021",1.19,1.15,95.78,1.08,74358,1.92,72320,1363525760.42,103.69,4,5
"RECT11","Geral","Indefinido","BRL Trust DTVM",0.6,0.74,"15/06/2021","08/06/2021",0.77,0.95,93.05,0.87,55854,0.65,73544,761087076.66,80.91,4,5
"RECX11","Geral","Papel: Fundo de Fundos","BTG Pactual",0.9,0.95,"22/06/2021","15/06/2021",0.15,0.16,91.57,1.04,72,0,348,18144483.26,95.1,2,2
"REIT11","Investidor Qualificado","Papel: CRIs","Socopa Sociedade Corretora Paulista",24.53,2.2,"15/04/2021","31/03/2021",21.64,1.94,1264.03,0.88,281,0,61,33232500.09,1113.2,1,2
"RELG11","Geral","Tijolo: Galpões","BRL Trust DTVM",0.7,0.72,"15/06/2021","08/06/2021",0.39,0.4,96.51,1.01,3727,0,3661,123734508.39,97.48,1,2
"RFOF11","Geral","Papel: Fundo de Fundos","BRL Trust DTVM",0.63,0.77,"14/06/2021","31/05/2021",0.57,0.69,91.83,0.89,11085,0.09,3500,99008768.48,81.97,1,2
"RMAI11","Geral","Tijolo: Escritórios","Reag DTVM",5.33,0,"10/05/2016","02/05/2016",0,0,108.63,0,171,0,1158,265475108.03,0,2,2
"RNDP11","Geral","Papel: CRIs","Votorantim Asset Management",4.14,0.58,"15/06/2021","31/05/2021",3.89,0.55,769.82,0.92,197,0,875,82740838.99,708,1,2
"RNGO11","Geral","Tijolo: Escritórios","Rio Bravo Investimentos",0.37,0.59,"15/06/2021","31/05/2021",0.46,0.73,101.25,0.62,7420,0.17,15881,270942156.09,63.11,1,2
"RRCI11","Geral","Papel: CRIs","BRL Trust DTVM",0.7,0.8,"14/06/2021","31/05/2021",0,0,96.98,0.9,1249,0,1983,46722236.46,87.28,2,2
"RSPD11","Investidor Qualificado","Tijolo: Desenvolvimento","Oliveira Trust",0,0,"00/00/0000","00/00/0000",0,0,1144.43,0,4,0,30,170503384.96,0,2,2
"RVBI11","Geral","Papel: Fundo de Fundos","BRL Trust DTVM",0.72,0.76,"16/06/2021","09/06/2021",0,0,92.49,1.02,12151,0.14,11037,133183538.96,94.69,2,2
"RZAK11","Geral","Papel: CRIs","BTG Pactual",0.9,0.94,"22/06/2021","15/06/2021",0,0,97.21,0.99,26735,0,6713,291794705.84,95.9,1,2
"RZTR11","Geral","Indefinido","Brasil Plural SA Banco Múltiplo",0.5,0.49,"08/06/2021","31/05/2021",0.43,0.43,96.81,1.05,69877,1.03,30109,1069504651.37,101.79,4,5
"SADI11","Geral","Papel: CRIs","Santander Securities Services Brasil DTVM",0.28,0.33,"15/06/2021","31/05/2021",0.22,0.26,100.45,0.84,16589,0.27,2860,319447459.61,84.1,1,2
"SAIC11B","Investidor Qualificado","Tijolo: Escritórios","BRB DTVM",0.66,1.09,"16/10/2018","01/10/2018",0,0,54.39,1.12,2,0,52,77761114.57,61,2,2
"SARE11","Geral","Indefinido","Santander Securities Services Brasil DTVM",0.64,0.63,"15/06/2021","31/05/2021",0.42,0.41,100.08,1.01,15468,0.56,6586,535903649.61,101.1,1,2
"SCPF11","Geral","Tijolo: Shoppings","BR-CAPITAL",0.01,0.09,"15/06/2021","07/06/2021",0,0,12.65,0.72,1443,0,4699,53134151.13,9.1,2,2
"SDIL11","Geral","Tijolo: Galpões","Rio Bravo Investimentos",0.6,0.63,"15/06/2021","31/05/2021",0.61,0.64,100.36,0.94,34258,0.62,45975,641814142.33,94.5,4,5
"SEQR11","Geral","Indefinido","Vórtx DTVM LTDA",0.67,0.83,"15/06/2021","08/06/2021",0,0,105.78,0.76,4252,0,1283,156776100.9,80.85,2,2
"SFND11","Geral","Tijolo: Escritórios","Rio Bravo Investimentos",5.51,0,"15/12/2020","07/12/2020",7.66,0,17.96,0,0,0,55,17631763.89,0,2,2
"SHDP11B","Geral","Tijolo: Shoppings","BTG Pactual",1.21,0,"18/06/2021","11/06/2021",0,0,1490.4,0,2,0,3,2141110424.01,0,3,5
"SHOP11","Investidor Qualificado","Tijolo: Shoppings","Banco Modal SA",0,0,"00/00/0000","00/00/0000",0,0,60,0,0,0,11,88878414.23,0,2,2
"SHPH11","Geral","Tijolo: Shoppings","Rio Bravo Investimentos",2.2,0.27,"15/06/2021","31/05/2021",2.18,0.27,822.29,1,754,0,3131,500734117.94,820,1,2
"SJAU11","Investidor Qualificado","Tijolo: Galpões","Vórtx DTVM LTDA",0,0,"00/00/0000","00/00/0000",0,0,99.97,0,7,0,115,792986642.01,0,1,2
"SNFF11","Geral","Papel: Fundo de Fundos","BTG Pactual",0.12,0.12,"25/06/2021","15/06/2021",0.01,0.01,97.35,1.06,134113,0,23884,243372074.74,103.28,4,5
"SOLR11","Geral","Tijolo: Outros","BRL Trust DTVM",76.33,0,"12/02/2021","02/02/2021",0,0,1033.97,0,2,0,32,65018883.98,0,2,2
"SPAF11","Investidor Qualificado","Tijolo: Shoppings","Brasil Plural SA Banco Múltiplo",3.45,0,"08/06/2021","31/05/2021",0,0,1003.17,0,0,0,1,11305743.83,0,2,2
"SPTW11","Geral","Tijolo: Escritórios","Genial Investimentos Corretora de Valores",0.6,1.23,"08/06/2021","31/05/2021",1.18,2.43,51.94,0.94,13213,0.1,17378,93395880.85,48.78,1,2
"STRX11","Geral","Tijolo: Desenvolvimento","Oliveira Trust",52.68,0,"08/06/2021","31/05/2021",41.82,0,18295.17,0,0,0,53,295203364.69,0,1,2
"TBOF11","Geral","Tijolo: Escritórios","BTG Pactual",0.09,0,"31/07/2020","22/07/2020",0.86,0,0.13,0,2769,0,9158,1313498.11,0,2,2
"TCIN11","Investidor Qualificado","Tijolo: Escritórios","Singulare CTVM",0,0,"00/00/0000","00/00/0000",0,0,126.44,0,114,0,111,88914056.89,0,2,2
"TCPF11","Geral","Indefinido","BR-CAPITAL",12.46,0,"18/06/2021","10/06/2021",0,0,108.89,0,0,0,52,32377415.77,0,2,2
"TEPP11","Geral","Tijolo: Escritórios","BRL Trust DTVM",0.45,0.57,"15/06/2021","31/05/2021",0.53,0.66,94.49,0.84,15230,0.34,8012,398937744.5,79.34,1,2
"TGAR11","Geral","Tijolo: Desenvolvimento","Vórtx DTVM LTDA",1.16,0.84,"09/06/2021","31/05/2021",1.28,0.92,127.65,1.09,57907,1.46,52224,944421581.48,138.6,4,5
"THRA11","Geral","Tijolo: Escritórios","Hedge Investments DTVM LTDA",0.15,0.11,"15/06/2021","08/06/2021",0.52,0.38,113.82,1.2,1166,0,2219,167623420.09,136.6,1,2
"TORD11","Geral","Indefinido","Vórtx DTVM LTDA",0.07,0.66,"15/06/2021","08/06/2021",0.12,1.13,10.62,1,74264,0.37,62700,285831314.3,10.59,4,5
"TORM13","Investidor Qualificado","Tijolo: Desenvolvimento","Vórtx DTVM LTDA",9.96,0,"15/06/2021","31/05/2021",3.79,0,1807.68,0,0,0,324,18076809.44,0,2,2
"TOUR11","Investidor Qualificado","Tijolo: Desenvolvimento","Vórtx DTVM LTDA",1.99,1.68,"15/06/2021","31/05/2021",0,0,583.35,0.2,149,0,207,5833523.87,118.47,2,2
"TRNT11","Geral","Tijolo: Escritórios","BTG Pactual",0.4,0.27,"18/06/2021","11/06/2021",0,0,207.32,0.71,460,0,712,815933561.16,147.41,1,2
"TRXB11","Geral","Tijolo: Desenvolvimento","BRL Trust DTVM",0.8,0.67,"15/06/2021","31/05/2021",0.62,0.52,105.79,1.12,181,0,118,264631855.7,119,1,2
"TRXF11","Geral","Tijolo: Outros","BRL Trust DTVM",0.7,0.66,"15/06/2021","31/05/2021",0.7,0.66,106.11,0.99,50288,0.61,28515,598611038.92,105.48,4,5
"TSNC11","Geral","Tijolo: Outros","BTG Pactual",35.1,0,"22/06/2021","15/06/2021",39.14,0,5447.93,0,0,0,66,98678322.71,0,2,2
"URPR11","Geral","Papel: CRIs","Vórtx DTVM LTDA",2.06,1.64,"15/06/2021","31/05/2021",1.77,1.41,99.92,1.26,25540,0.22,9096,165905711.66,125.8,1,2
"VCJR11","Geral","Papel: CRIs","INTRAG DTVM",0.79,0.77,"14/06/2021","31/05/2021",0.75,0.74,98.96,1.03,8981,1.17,6697,1148318898.79,102,1,5
"VCRR11","Geral","Tijolo: Outros","BRL Trust DTVM",0,0,"00/00/0000","00/00/0000",0,0,100,0,0,0,1854,2e+08,0,2,2
"VERE11","Geral","Tijolo: Galpões","Votorantim Asset Management",2.04,0,"10/06/2021","31/05/2021",1.74,0,314.26,0,1,0,54,172871056.1,0,2,2
"VGHF11","Geral","Papel: Híbrido","Banco Daycoval SA",0.1,1.05,"08/06/2021","31/05/2021",0.02,0.22,9.77,0.98,15728,0,2640,160838723.42,9.54,1,2
"VGIP11","Geral","Papel: CRIs","BTG Pactual",1.04,1.01,"18/06/2021","11/06/2021",0,0,95.66,1.07,45063,0.78,30529,514430345.26,102.64,1,5
"VGIR11","Geral","Papel: CRIs","BTG Pactual",0.5,0.55,"18/06/2021","11/06/2021",0,0,96.77,0.94,29564,0.41,22274,436095972.9,91.2,1,2
"VIFI11","Geral","Papel: Fundo de Fundos","BRL Trust DTVM",0.6,0.67,"15/06/2021","31/05/2021",0.62,0.7,98.51,0.9,15843,0,4348,277055966.59,89.04,1,2
"VILG11","Geral","Tijolo: Galpões","BRL Trust DTVM",0.57,0.49,"15/06/2021","31/05/2021",0.6,0.51,114.46,1.02,90900,1.8,135467,1716537713.31,117.02,4,5
"VINO11","Geral","Tijolo: Escritórios","BRL Trust DTVM",0.45,0.75,"15/06/2021","31/05/2021",0.43,0.72,59.85,1.01,53934,0.78,77055,758552977.13,60.25,4,5
"VISC11","Geral","Tijolo: Shoppings","BRL Trust DTVM",0.35,0.32,"15/06/2021","31/05/2021",0.35,0.32,119.45,0.91,66770,1.59,194012,1704682134.9,109.11,4,5
"VLJS11","Investidor Qualificado","Tijolo: Escritórios","Planner Corretora de Valores",18.24,0,"20/06/2021","31/05/2021",0,0,798.14,0,0,0,12,47072303.02,0,2,2
"VLOL11","Geral","Tijolo: Escritórios","Oliveira Trust",0.41,0.41,"15/06/2021","31/05/2021",0.45,0.46,96.97,1.02,1839,0,4772,173066588.66,99.01,1,2
"VOTS11","Geral","Papel: CRIs","Votorantim Asset Management",0.41,0.49,"15/06/2021","31/05/2021",0.39,0.47,98.93,0.83,197,0,305,81909487.55,82.52,1,2
"VPSI11","Geral","Tijolo: Shoppings","Votorantim Asset Management",0.05,0,"11/06/2021","02/06/2021",0,0,18.22,0,0,0,57,147044918.71,0,2,2
"VRTA11","Geral","Papel: CRIs","Banco Fator",1.04,0.93,"15/06/2021","31/05/2021",0.87,0.77,101.07,1.11,29586,1.13,91020,1010652173.25,112.42,4,5
"VSEC11","Investidor Qualificado","Papel: CRIs","Votorantim Asset Management",3.04,3.11,"15/06/2021","31/05/2021",0,0,0.38,256.86,887,0,41,6393711.59,97.48,6,6
"VSHO11","Geral","Tijolo: Shoppings","Votorantim Asset Management",0.35,0.47,"09/06/2021","31/05/2021",0.11,0.15,100.44,0.74,693,0,1835,210803855.72,73.83,2,2
"VSLH11","Geral","Papel: CRIs","Vórtx DTVM LTDA",0.17,1.64,"15/06/2021","08/06/2021",0,0,10.07,1.03,15843,0,5414,120827259.18,10.39,1,2
"VTLT11","Geral","Tijolo: Galpões","Votorantim Asset Management",0.75,0.69,"09/06/2021","31/05/2021",0.74,0.67,102.21,1.07,12495,0.23,5540,216175118.26,109,1,2
"VVPR11","Geral","Tijolo: Escritórios","BTG Pactual",0.65,0.65,"08/06/2021","31/05/2021",0.66,0.66,100,1,1168,0,1139,230577817.74,100,1,2
"VXXV11","Investidor Qualificado","Tijolo: Outros","Vórtx DTVM LTDA",0,0,"00/00/0000","00/00/0000",0,0,491.67,0,0,0,4,25566994.94,0,2,2
"WPLZ11","Geral","Tijolo: Shoppings","Hedge Investments DTVM LTDA",0.1,0.15,"12/03/2021","26/02/2021",0.42,0.61,104.71,0.65,283,0,1946,106880016.87,68.49,1,2
"WTSP11B","Investidor Qualificado","Tijolo: Híbrido","Banco Ourinvest SA",0.22,0.49,"22/06/2021","15/06/2021",0.16,0.36,79.65,0.57,122,0,200,79060153,45.5,1,2
"XPCI11","Geral","Papel: CRIs","Vórtx DTVM LTDA",1,1,"15/06/2021","31/05/2021",0.77,0.77,96.93,1.03,102467,0.68,30298,636538861.21,99.99,4,5
"XPCM11","Geral","Tijolo: Escritórios","Rio Bravo Investimentos",0.39,0.98,"15/06/2021","31/05/2021",0.82,2.04,71.79,0.56,15336,0.1,32708,173353021.06,40,1,2
"XPHT11","Investidor Qualificado","Tijolo: Hotéis","Genial Investimentos Corretora de Valores Mobiliários SA",0.34,0.4,"15/04/2020","31/03/2020",0.44,0.52,86.84,0.98,765,0,1550,330389677.16,85,1,2
"XPIN11","Geral","Tijolo: Galpões","Vórtx DTVM LTDA",0.62,0.59,"25/06/2021","18/06/2021",0,0,110.83,0.96,30524,0.71,52224,729986712.29,105.96,1,5
"XPLG11","Geral","Tijolo: Galpões","Vórtx DTVM LTDA",0.61,0.54,"15/06/2021","31/05/2021",0.63,0.56,110.45,1.03,143877,3.11,263359,2993276336.48,113.64,3,1
"XPML11","Geral","Tijolo: Shoppings","BTG Pactual",0.4,0.38,"25/06/2021","18/06/2021",0,0,109.86,0.96,105603,1.95,251800,2000303504.05,105.45,3,1
"XPPR11","Geral","Tijolo: Escritórios","Vórtx DTVM LTDA",0.48,0.75,"15/06/2021","31/05/2021",0.68,1.07,85.74,0.75,54045,0.5,40876,627324285.79,64,4,5
"XPSF11","Geral","Papel: Fundo de Fundos","XP Investimentos",0.87,0.89,"15/06/2021","31/05/2021",0.81,0.82,95.82,1.02,36952,0.43,18527,414931224.93,98.2,1,2
"XTED11","Geral","Tijolo: Escritórios","BTG Pactual",0.32,0,"14/07/2016","30/06/2016",0,0,13.97,0,979,0,4968,25862448.6,0,2,2
